example_id,included,pm25,pm10,temperature,humidity,wind,hour,site,sensor,latitude,longitude,unreliable,condition
air-0000,True,21.98,21.98,25.03,77.21,8.91,0,Central,sensor-1-0,40.033852,-73.956669,1,normal
air-0001,True,15.88,25.98,11.94,86.52,8.27,11,Central,sensor-1-1,40.035677,-73.954412,0,normal
air-0002,True,73.56,110.38,34.58,81.89,3.6,21,River,sensor-0-0,39.997699,-74.00202,0,alert
air-0003,True,47.25,73.04,21.42,70.14,5.53,8,River,sensor-0-1,40.000902,-73.999125,0,normal
air-0004,True,96.74,131.78,16.33,52.94,8.8,0,Central,sensor-1-0,40.035606,-73.95475,0,alert
air-0005,True,7.58,19.37,19.26,71.72,6.75,14,Hills,sensor-2-1,40.069553,-73.910446,0,normal
air-0006,True,20.3,46.9,22.71,47.93,5.65,13,River,sensor-0-0,40.00131,-73.999708,0,normal
air-0007,True,57.64,91.2,19.51,48.99,2.06,23,River,sensor-0-1,40.000148,-73.999824,0,normal
air-0008,True,4.94,23.19,16.04,60.8,8.12,23,Central,sensor-1-0,40.035168,-73.955047,1,normal
air-0009,True,4.63,23.14,23.13,39.53,3.92,13,Central,sensor-1-1,40.036598,-73.955336,0,normal
air-0010,True,17.73,29.08,20.44,78.26,7.69,0,River,sensor-0-0,40.000666,-73.998422,0,normal
air-0011,True,24.23,56.66,14.02,69.65,1.73,0,River,sensor-0-1,39.997487,-73.999776,0,normal
air-0012,True,7.73,21.43,34.28,34.79,6.79,10,River,sensor-0-0,40.00097,-74.000671,0,normal
air-0013,True,49.71,84.16,20.63,53.74,7.61,3,River,sensor-0-1,40.000928,-74.001283,0,normal
air-0014,True,39.65,65.23,19.44,37.94,8.85,6,River,sensor-0-0,39.998554,-74.00009,0,normal
air-0015,True,25.94,89.55,14.48,52.21,8.12,23,River,sensor-0-1,40.001332,-74.000353,1,alert
air-0016,True,53.59,89.14,24.13,55.47,3.74,8,Central,sensor-1-0,40.034865,-73.954742,0,alert
air-0017,True,14.66,14.66,33.47,61.28,6.1,22,Central,sensor-1-1,40.034985,-73.953623,0,normal
air-0018,True,59.2,73.87,19.31,85.53,2.09,23,Central,sensor-1-0,40.036743,-73.954203,0,alert
air-0019,True,32.7,40.24,21.89,50.31,4.69,11,Hills,sensor-2-1,40.069132,-73.910043,0,normal
air-0020,True,47.23,74.08,25.14,87.31,4.13,14,River,sensor-0-0,39.998331,-73.999279,0,normal
air-0021,True,68.4,96.63,14.75,77.05,3.33,23,Central,sensor-1-1,40.036798,-73.95584,0,alert
air-0022,True,81.02,129.0,14.74,35.78,4.14,11,Central,sensor-1-0,40.035014,-73.955427,0,alert
air-0023,True,15.17,30.23,13.89,60.55,3.86,1,Hills,sensor-2-1,40.071348,-73.908943,0,normal
air-0024,True,23.56,35.81,23.44,75.84,8.89,14,Harbor,sensor-3-0,40.103866,-73.864593,0,normal
air-0025,True,65.28,94.54,27.23,55.87,2.37,21,River,sensor-0-1,40.000255,-74.000027,0,alert
air-0026,True,15.18,15.72,25.76,78.77,2.3,12,Hills,sensor-2-0,40.071494,-73.911765,0,normal
air-0027,True,38.7,65.06,19.81,31.46,4.23,22,River,sensor-0-1,39.999529,-73.999286,0,normal
air-0028,True,8.52,8.52,18.77,41.19,4.11,16,Central,sensor-1-0,40.034956,-73.954821,0,normal
air-0029,True,33.32,50.49,28.24,74.57,3.7,19,Hills,sensor-2-1,40.069953,-73.908127,0,alert
air-0030,True,-7.39,-1.31,17.8,62.6,5.53,11,Hills,sensor-2-0,40.068285,-73.910127,1,normal
air-0031,True,29.56,29.56,23.53,62.02,8.51,10,Harbor,sensor-3-1,40.107112,-73.865227,1,normal
air-0032,True,70.23,134.98,28.76,52.67,8.47,6,Central,sensor-1-0,40.035306,-73.954439,1,alert
air-0033,True,35.7,35.7,16.43,77.52,1.82,18,Hills,sensor-2-1,40.070697,-73.91018,0,alert
air-0034,True,61.04,85.99,23.85,74.56,6.01,4,Central,sensor-1-0,40.032443,-73.955177,0,alert
air-0035,True,14.89,31.79,17.2,38.87,7.24,15,River,sensor-0-1,40.001231,-74.001085,0,normal
air-0036,True,0.5,11.38,26.39,60.53,8.99,8,River,sensor-0-0,39.998303,-73.999039,0,normal
air-0037,True,17.87,17.87,27.23,91.52,1.72,11,Central,sensor-1-1,40.036004,-73.953214,0,normal
air-0038,True,70.98,125.28,19.64,88.48,7.3,2,Hills,sensor-2-0,40.070545,-73.911178,0,alert
air-0039,True,32.74,35.08,20.93,84.0,4.63,10,River,sensor-0-1,40.002008,-73.998985,0,normal
air-0040,True,6.46,6.46,13.4,36.61,8.09,22,Central,sensor-1-0,40.035166,-73.955216,0,normal
air-0041,True,52.53,65.46,15.98,32.33,1.44,22,River,sensor-0-1,39.999451,-74.001311,0,normal
air-0042,True,11.81,35.18,11.0,64.53,7.59,5,Harbor,sensor-3-0,40.104273,-73.864384,0,normal
air-0043,True,67.31,108.15,19.64,89.24,4.81,14,Central,sensor-1-1,40.035287,-73.955128,0,alert
air-0044,True,22.76,47.55,24.77,68.31,2.66,18,Hills,sensor-2-0,40.068888,-73.9082,0,normal
air-0045,True,11.23,35.73,25.95,29.76,8.79,2,Central,sensor-1-1,40.035989,-73.954791,1,normal
air-0046,True,40.26,55.87,21.15,49.26,0.77,12,Hills,sensor-2-0,40.069964,-73.910817,0,alert
air-0047,True,29.83,48.99,17.05,29.31,0.21,17,River,sensor-0-1,39.998927,-74.00059,0,normal
air-0048,True,8.6,42.9,24.23,75.16,6.23,7,River,sensor-0-0,39.999057,-74.000012,0,normal
air-0049,True,16.96,20.37,11.84,50.93,2.57,15,River,sensor-0-1,39.998527,-73.999089,0,normal
air-0050,True,30.54,53.01,22.7,56.36,7.27,7,River,sensor-0-0,39.999642,-74.000766,0,normal
air-0051,True,36.46,58.66,22.06,37.13,3.24,5,River,sensor-0-1,40.000444,-73.998338,0,normal
air-0052,True,22.03,33.5,7.13,81.93,2.2,23,Harbor,sensor-3-0,40.10462,-73.863311,0,alert
air-0053,True,15.08,15.08,29.74,55.54,5.89,13,River,sensor-0-1,39.999042,-73.999164,1,normal
air-0054,True,47.67,74.06,18.01,64.82,6.89,20,Hills,sensor-2-0,40.067711,-73.909977,0,alert
air-0055,True,24.39,26.85,21.79,51.23,5.83,8,River,sensor-0-1,40.001681,-73.999946,0,normal
air-0056,True,12.03,29.56,14.88,32.7,3.65,13,Central,sensor-1-0,40.035458,-73.956863,0,normal
air-0057,True,23.32,45.02,20.82,43.13,1.26,3,River,sensor-0-1,39.999439,-74.000603,0,normal
air-0058,True,43.5,56.87,17.49,47.57,0.47,12,River,sensor-0-0,40.000706,-74.002219,0,alert
air-0059,True,44.0,66.53,17.3,65.97,8.69,1,River,sensor-0-1,39.999571,-73.999903,0,normal
air-0060,True,16.64,29.87,8.48,59.72,6.9,6,Harbor,sensor-3-0,40.103872,-73.865188,0,normal
air-0061,True,46.79,63.56,32.3,55.25,3.59,1,Central,sensor-1-1,40.034403,-73.953063,0,alert
air-0062,True,35.0,55.61,27.1,79.04,4.49,7,Central,sensor-1-0,40.035458,-73.955818,0,normal
air-0063,True,59.13,61.74,11.28,78.13,4.94,0,Hills,sensor-2-1,40.069586,-73.910249,0,alert
air-0064,True,41.26,57.74,20.13,57.69,3.21,11,Central,sensor-1-0,40.033743,-73.956106,0,normal
air-0065,True,75.47,116.65,34.04,69.67,6.33,8,River,sensor-0-1,40.000712,-74.000867,0,alert
air-0066,True,41.34,70.5,22.52,81.87,0.78,1,River,sensor-0-0,39.999421,-74.000487,0,normal
air-0067,True,11.9,11.9,25.02,52.12,7.4,18,Central,sensor-1-1,40.035236,-73.954988,0,normal
air-0068,True,27.08,31.42,5.1,60.42,6.15,23,Central,sensor-1-0,40.036241,-73.952358,0,normal
air-0069,True,16.27,19.48,8.43,77.15,5.48,2,River,sensor-0-1,39.999514,-73.999731,0,normal
air-0070,True,21.98,50.49,20.5,37.85,5.76,0,Harbor,sensor-3-0,40.106377,-73.863725,0,normal
air-0071,True,21.17,33.91,25.49,41.13,4.1,10,River,sensor-0-1,39.999503,-74.00121,0,normal
air-0072,True,65.2,75.01,13.85,46.65,6.62,15,Hills,sensor-2-0,40.068681,-73.910558,1,alert
air-0073,True,74.13,85.68,16.52,36.49,5.09,4,River,sensor-0-1,39.998678,-73.999284,0,alert
air-0074,True,33.91,61.58,26.41,47.18,6.61,6,Hills,sensor-2-0,40.069388,-73.910039,1,alert
air-0075,True,30.5,36.76,19.66,29.08,1.17,20,Central,sensor-1-1,40.033483,-73.954031,0,normal
air-0076,True,22.2,30.22,28.36,55.99,7.58,18,River,sensor-0-0,39.998733,-74.000118,0,normal
air-0077,True,12.12,25.17,14.25,85.1,7.63,8,Central,sensor-1-1,40.035634,-73.953673,0,normal
air-0078,True,43.8,57.77,28.5,28.61,3.86,23,River,sensor-0-0,39.999293,-73.99848,0,normal
air-0079,True,18.6,33.76,14.66,65.98,7.91,4,River,sensor-0-1,39.999463,-74.000252,0,normal
air-0080,True,22.72,22.99,23.43,77.68,1.5,1,Central,sensor-1-0,40.033805,-73.955086,0,normal
air-0081,True,55.7,55.7,13.84,66.04,3.97,15,Harbor,sensor-3-1,40.10616,-73.864852,1,normal
air-0082,True,18.98,34.89,25.1,63.52,8.5,20,River,sensor-0-0,40.001217,-73.999974,0,normal
air-0083,True,18.8,28.56,25.6,29.06,6.65,15,Central,sensor-1-1,40.036328,-73.955522,0,normal
air-0084,True,46.43,58.68,27.32,81.96,4.42,23,Central,sensor-1-0,40.034648,-73.955218,0,alert
air-0085,True,18.97,42.96,20.01,64.93,3.02,14,Central,sensor-1-1,40.035377,-73.95531,1,normal
air-0086,True,0.5,0.5,17.28,66.62,7.93,23,River,sensor-0-0,39.999694,-74.000954,0,normal
air-0087,True,48.34,96.25,13.98,55.2,2.79,0,Harbor,sensor-3-1,40.105626,-73.865097,0,alert
air-0088,True,12.35,12.35,23.12,88.36,5.31,15,River,sensor-0-0,39.999703,-73.99918,0,normal
air-0089,True,67.17,110.22,19.9,36.77,5.63,7,Central,sensor-1-1,40.034472,-73.95594,0,alert
air-0090,True,36.37,50.58,24.5,48.87,0.99,0,River,sensor-0-0,39.999336,-74.000399,0,normal
air-0091,True,20.97,34.91,23.97,58.09,2.0,3,River,sensor-0-1,39.999512,-73.998361,0,normal
air-0092,True,10.54,24.65,30.14,81.91,6.06,16,Hills,sensor-2-0,40.068703,-73.909179,0,normal
air-0093,True,14.54,64.15,29.23,45.54,2.16,3,Hills,sensor-2-1,40.069779,-73.908689,1,normal
air-0094,True,19.09,26.21,16.8,41.04,8.96,17,River,sensor-0-0,40.000844,-74.000146,0,normal
air-0095,True,36.85,48.95,18.92,44.17,8.01,13,River,sensor-0-1,40.001869,-73.999733,0,normal
air-0096,True,17.51,17.51,27.14,71.04,8.77,8,River,sensor-0-0,39.998841,-73.99903,0,normal
air-0097,True,66.54,85.58,20.68,77.42,1.52,16,Harbor,sensor-3-1,40.104635,-73.866773,0,alert
air-0098,True,34.72,60.34,12.38,54.67,5.95,14,Hills,sensor-2-0,40.069883,-73.908629,0,normal
air-0099,True,18.64,24.49,31.8,63.02,1.92,6,Hills,sensor-2-1,40.071133,-73.911264,0,normal
air-0100,True,34.71,41.46,30.27,44.06,5.11,11,Central,sensor-1-0,40.034441,-73.952684,0,normal
air-0101,True,23.45,32.57,17.21,85.42,4.11,2,Central,sensor-1-1,40.034675,-73.955276,0,normal
air-0102,True,29.79,49.4,17.28,88.7,0.91,9,River,sensor-0-0,39.999488,-73.999798,0,normal
air-0103,True,20.81,20.81,20.17,67.35,8.47,22,River,sensor-0-1,40.001201,-74.000882,0,normal
air-0104,True,32.05,37.78,15.61,70.13,4.53,13,River,sensor-0-0,40.001203,-73.999788,0,normal
air-0105,True,9.68,20.03,24.48,38.67,3.91,18,Central,sensor-1-1,40.035065,-73.954595,0,normal
air-0106,True,28.15,28.15,17.18,61.96,0.92,9,Hills,sensor-2-0,40.070226,-73.909344,0,alert
air-0107,True,10.16,14.91,20.77,90.1,2.8,22,River,sensor-0-1,40.000638,-73.999509,0,normal
air-0108,True,40.29,79.59,13.37,28.07,2.82,16,River,sensor-0-0,40.002941,-74.000345,0,normal
air-0109,True,39.49,60.89,19.06,70.83,3.19,14,Central,sensor-1-1,40.034474,-73.955224,0,normal
air-0110,True,35.85,50.74,19.01,56.12,6.21,20,Harbor,sensor-3-0,40.104831,-73.864319,0,alert
air-0111,True,41.05,85.43,5.82,44.52,2.21,9,Central,sensor-1-1,40.034445,-73.954327,0,normal
air-0112,True,7.13,17.44,11.93,36.0,7.66,15,Central,sensor-1-0,40.035563,-73.953507,0,normal
air-0113,True,45.59,79.12,12.6,51.12,5.59,12,River,sensor-0-1,40.001026,-74.000997,0,alert
air-0114,True,75.17,103.6,23.27,88.09,0.67,18,Hills,sensor-2-0,40.070327,-73.909204,0,alert
air-0115,True,46.77,76.74,29.68,52.04,6.99,23,River,sensor-0-1,39.999801,-74.001865,0,normal
air-0116,True,9.61,24.34,19.75,56.98,4.75,17,Central,sensor-1-0,40.03445,-73.956631,0,normal
air-0117,True,21.23,39.6,14.85,76.94,6.0,1,River,sensor-0-1,40.000506,-74.002358,0,normal
air-0118,True,29.87,46.34,21.3,32.07,2.44,5,Central,sensor-1-0,40.035133,-73.955507,0,normal
air-0119,True,34.87,34.87,27.84,69.95,5.67,5,Central,sensor-1-1,40.033914,-73.95399,0,normal
air-0120,True,24.73,31.73,24.11,72.69,8.51,17,Hills,sensor-2-0,40.070556,-73.909392,0,normal
air-0121,True,17.01,17.01,36.18,38.51,7.04,6,Central,sensor-1-1,40.034389,-73.956597,0,normal
air-0122,True,52.22,72.76,20.77,35.89,8.86,17,Hills,sensor-2-0,40.069831,-73.909812,0,alert
air-0123,True,32.88,63.02,23.85,36.44,7.88,0,River,sensor-0-1,40.000466,-73.999225,0,normal
air-0124,True,43.08,78.0,23.21,31.81,5.75,11,River,sensor-0-0,40.001396,-73.998383,0,normal
air-0125,True,9.59,20.07,35.76,44.9,7.81,13,Harbor,sensor-3-1,40.105137,-73.864645,0,normal
air-0126,True,68.26,70.35,17.75,59.21,7.85,15,Hills,sensor-2-0,40.069678,-73.910507,1,alert
air-0127,True,8.78,22.01,20.94,49.14,1.13,3,Hills,sensor-2-1,40.069528,-73.910819,0,normal
air-0128,True,16.79,36.6,28.42,52.56,5.65,14,Hills,sensor-2-0,40.071859,-73.910928,0,normal
air-0129,True,27.23,57.99,29.96,51.32,5.45,12,River,sensor-0-1,40.000908,-73.999807,0,normal
air-0130,True,48.09,80.55,20.55,77.42,1.1,1,Hills,sensor-2-0,40.070327,-73.909111,0,alert
air-0131,True,21.91,21.91,22.47,87.87,1.42,0,River,sensor-0-1,40.0007,-74.000171,0,normal
air-0132,True,34.5,40.4,24.97,31.44,1.73,16,River,sensor-0-0,40.000132,-74.000289,0,normal
air-0133,True,34.69,51.02,32.54,44.4,4.58,18,River,sensor-0-1,40.000426,-73.999531,0,normal
air-0134,True,12.6,15.8,18.66,51.43,1.58,9,Central,sensor-1-0,40.034703,-73.956428,0,normal
air-0135,True,19.13,32.84,19.75,66.12,0.33,8,River,sensor-0-1,39.998896,-73.998453,0,normal
air-0136,True,25.73,25.73,22.2,50.76,5.9,21,River,sensor-0-0,39.999402,-73.9996,0,normal
air-0137,True,26.26,55.3,21.2,81.95,5.62,4,Central,sensor-1-1,40.035488,-73.95517,0,normal
air-0138,True,17.24,26.66,17.77,33.88,0.23,1,River,sensor-0-0,39.999631,-74.001999,0,normal
air-0139,True,28.92,50.49,22.15,73.33,5.25,6,Central,sensor-1-1,40.034075,-73.954075,0,alert
air-0140,True,30.26,41.68,15.71,58.02,1.88,12,Central,sensor-1-0,40.033795,-73.95503,0,normal
air-0141,True,55.84,79.29,18.19,49.2,7.52,0,River,sensor-0-1,39.99995,-74.000258,1,normal
air-0142,True,68.6,108.33,15.89,66.98,0.94,16,Hills,sensor-2-0,40.068145,-73.909504,0,alert
air-0143,True,33.38,39.16,30.21,79.2,7.43,7,Hills,sensor-2-1,40.071835,-73.908921,0,alert
air-0144,True,18.73,23.88,12.35,67.31,4.19,18,Hills,sensor-2-0,40.070012,-73.911636,0,normal
air-0145,True,12.84,28.85,18.19,83.69,0.82,21,Central,sensor-1-1,40.034619,-73.955118,0,normal
air-0146,True,30.63,58.69,14.09,59.54,2.41,18,Harbor,sensor-3-0,40.106283,-73.864065,0,alert
air-0147,True,18.34,33.64,18.13,79.33,7.29,7,River,sensor-0-1,39.99961,-74.000492,0,normal
air-0148,True,32.19,50.73,31.23,53.36,6.45,21,River,sensor-0-0,40.001309,-74.001186,0,normal
air-0149,True,49.44,54.39,11.87,49.87,7.2,22,Hills,sensor-2-1,40.070078,-73.910034,1,normal
air-0150,True,27.96,44.06,19.05,65.73,7.84,22,River,sensor-0-0,39.99889,-74.000518,0,normal
air-0151,True,30.17,39.35,18.96,77.52,1.69,16,Central,sensor-1-1,40.034139,-73.953864,0,normal
air-0152,True,19.74,52.95,24.75,43.12,7.64,16,Central,sensor-1-0,40.034488,-73.954548,0,normal
air-0153,True,42.2,57.71,22.43,85.53,7.36,10,Harbor,sensor-3-1,40.104634,-73.866214,0,alert
air-0154,True,45.29,80.9,24.78,83.17,2.47,7,River,sensor-0-0,40.000516,-74.000699,0,alert
air-0155,True,40.4,69.69,10.37,65.55,0.45,3,River,sensor-0-1,40.000072,-74.001254,0,alert
air-0156,True,77.69,125.33,21.84,33.16,7.88,15,Hills,sensor-2-0,40.068975,-73.910242,0,alert
air-0157,True,54.03,70.6,25.34,74.19,1.63,18,River,sensor-0-1,39.999925,-74.000393,0,alert
air-0158,True,4.99,15.92,21.55,46.25,1.36,9,River,sensor-0-0,39.999138,-73.998663,0,normal
air-0159,True,23.02,46.23,13.52,74.25,7.29,8,River,sensor-0-1,40.0,-73.999672,0,normal
air-0160,True,27.28,30.19,21.65,67.9,2.14,2,River,sensor-0-0,39.999984,-74.000959,0,normal
air-0161,True,21.46,48.36,24.63,31.72,0.79,5,Central,sensor-1-1,40.033996,-73.955875,0,normal
air-0162,True,52.02,77.13,23.14,37.58,7.99,21,River,sensor-0-0,40.001143,-74.002466,0,alert
air-0163,True,29.61,45.66,23.4,81.6,6.02,21,Central,sensor-1-1,40.036199,-73.954527,0,normal
air-0164,True,54.57,67.65,24.72,60.96,4.69,11,Hills,sensor-2-0,40.070656,-73.90995,0,alert
air-0165,True,11.47,27.01,19.79,61.94,0.94,19,River,sensor-0-1,39.999895,-74.001582,0,normal
air-0166,True,20.75,31.13,23.53,78.77,4.57,7,Central,sensor-1-0,40.034998,-73.955674,0,normal
air-0167,True,32.94,43.19,11.55,37.13,8.55,10,Harbor,sensor-3-1,40.104878,-73.866013,0,normal
air-0168,True,9.26,9.26,8.64,69.29,1.53,2,River,sensor-0-0,40.00157,-74.000866,0,normal
air-0169,True,20.48,22.66,30.15,58.19,0.79,4,Central,sensor-1-1,40.035338,-73.955362,0,normal
air-0170,True,49.25,51.69,6.54,82.72,4.72,23,Central,sensor-1-0,40.035561,-73.955708,0,alert
air-0171,True,39.31,46.91,28.4,36.43,2.66,9,Central,sensor-1-1,40.035395,-73.956595,0,alert
air-0172,True,13.0,13.0,27.7,74.92,4.53,12,River,sensor-0-0,40.000532,-73.999865,0,normal
air-0173,True,37.15,68.46,33.55,68.76,6.44,17,River,sensor-0-1,40.000253,-73.999371,0,normal
air-0174,True,7.13,13.34,25.5,80.59,6.25,1,River,sensor-0-0,39.99807,-73.999796,0,normal
air-0175,True,30.57,45.68,23.38,74.01,7.11,8,Central,sensor-1-1,40.033092,-73.956032,0,normal
air-0176,True,24.35,33.76,16.36,58.17,3.33,11,Harbor,sensor-3-0,40.104069,-73.864528,0,normal
air-0177,True,30.79,32.71,22.27,45.1,3.95,2,River,sensor-0-1,39.998416,-74.001344,0,normal
air-0178,True,7.35,25.76,23.37,36.62,7.46,12,Hills,sensor-2-0,40.069842,-73.907684,0,normal
air-0179,True,8.47,41.25,9.02,85.81,7.5,5,Hills,sensor-2-1,40.069805,-73.911746,0,normal
air-0180,True,0.31,17.39,19.37,39.68,4.32,8,River,sensor-0-0,40.000901,-73.99945,1,normal
air-0181,True,46.92,79.74,21.03,73.27,5.6,4,Central,sensor-1-1,40.034676,-73.953965,0,alert
air-0182,True,26.67,48.1,23.64,47.54,5.65,17,River,sensor-0-0,39.999262,-74.001024,0,normal
air-0183,True,30.03,30.03,26.63,81.94,2.01,8,Harbor,sensor-3-1,40.103591,-73.863639,1,alert
air-0184,True,12.75,12.75,25.91,52.83,2.41,0,Central,sensor-1-0,40.034244,-73.95447,0,normal
air-0185,True,46.39,65.44,34.49,68.34,8.52,17,River,sensor-0-1,39.999647,-74.000729,0,normal
air-0186,True,19.03,54.49,14.27,65.97,6.08,6,Hills,sensor-2-0,40.071128,-73.910885,0,normal
air-0187,True,28.91,47.95,15.67,36.9,6.66,7,Hills,sensor-2-1,40.070556,-73.909418,0,alert
air-0188,True,8.35,12.85,10.54,72.32,2.58,9,Hills,sensor-2-0,40.069539,-73.907304,1,normal
air-0189,True,29.08,60.58,23.96,34.11,4.13,13,Harbor,sensor-3-1,40.106634,-73.864966,0,alert
air-0190,True,9.28,9.28,12.27,74.67,2.15,8,River,sensor-0-0,39.999821,-73.99946,0,normal
air-0191,True,12.3,26.31,13.69,33.9,4.58,17,Central,sensor-1-1,40.034894,-73.955147,0,normal
air-0192,True,65.31,82.35,24.28,36.81,0.45,5,River,sensor-0-0,39.999789,-73.998924,1,normal
air-0193,True,50.32,61.02,25.57,52.1,8.05,12,Central,sensor-1-1,40.034466,-73.955354,0,normal
air-0194,True,24.86,24.86,13.59,83.81,2.99,6,River,sensor-0-0,40.000257,-74.000698,0,normal
air-0195,True,22.51,39.19,24.83,53.52,2.8,18,Central,sensor-1-1,40.034489,-73.955751,0,normal
air-0196,True,30.74,52.07,24.57,62.24,1.8,14,Central,sensor-1-0,40.033991,-73.955039,0,normal
air-0197,True,39.98,41.9,20.95,81.53,5.48,7,River,sensor-0-1,40.000615,-74.001152,0,normal
air-0198,True,106.09,157.51,20.95,47.42,5.77,21,Central,sensor-1-0,40.035696,-73.956448,0,alert
air-0199,True,16.76,16.76,24.46,69.9,4.41,18,River,sensor-0-1,39.999155,-74.000028,0,normal
air-0200,True,28.19,28.19,31.31,81.74,6.08,6,River,sensor-0-0,39.999339,-74.001398,0,normal
air-0201,True,20.65,34.96,19.61,63.16,1.92,9,Harbor,sensor-3-1,40.104291,-73.86448,0,alert
air-0202,True,28.08,37.86,11.86,34.41,2.5,20,River,sensor-0-0,40.001161,-74.000527,1,normal
air-0203,True,38.48,47.34,15.59,73.99,2.13,22,River,sensor-0-1,40.000435,-73.999446,0,normal
air-0204,True,58.27,88.42,15.9,88.71,8.27,11,Harbor,sensor-3-0,40.104479,-73.864274,0,alert
air-0205,True,36.34,45.84,20.24,55.99,6.1,13,Harbor,sensor-3-1,40.103031,-73.864307,0,normal
air-0206,True,2.73,37.92,21.11,56.99,7.94,7,Harbor,sensor-3-0,40.104551,-73.865894,1,normal
air-0207,True,60.85,101.42,14.55,81.73,7.95,12,River,sensor-0-1,39.999159,-73.999762,0,alert
air-0208,True,54.91,92.97,22.68,81.87,3.74,23,Hills,sensor-2-0,40.07068,-73.909108,0,alert
air-0209,True,16.35,43.79,20.48,44.75,1.73,3,River,sensor-0-1,40.00025,-73.999507,0,normal
air-0210,True,38.48,38.48,16.67,77.98,0.91,19,Central,sensor-1-0,40.035845,-73.95446,0,normal
air-0211,True,27.2,27.2,26.76,41.6,0.63,15,Hills,sensor-2-1,40.070043,-73.910554,0,normal
air-0212,True,33.66,33.66,18.1,69.07,8.98,3,Hills,sensor-2-0,40.069411,-73.909847,0,normal
air-0213,True,5.85,16.96,18.98,88.96,7.57,5,River,sensor-0-1,39.999776,-73.99901,0,normal
air-0214,True,42.11,62.09,24.51,66.39,1.58,3,Central,sensor-1-0,40.033944,-73.955461,0,alert
air-0215,True,65.84,78.34,14.76,52.4,6.56,4,River,sensor-0-1,40.000758,-74.00169,1,normal
air-0216,True,22.79,36.25,13.76,84.33,6.35,18,Hills,sensor-2-0,40.070891,-73.910502,0,normal
air-0217,True,14.6,14.6,18.58,83.48,0.3,8,River,sensor-0-1,39.99811,-74.000449,0,normal
air-0218,True,67.12,87.81,22.03,92.97,2.0,11,River,sensor-0-0,39.999267,-73.999959,1,alert
air-0219,True,42.22,53.45,25.73,42.6,1.26,19,River,sensor-0-1,40.000401,-73.999677,0,alert
air-0220,True,35.8,48.21,13.6,46.26,6.08,2,Central,sensor-1-0,40.033788,-73.955568,0,normal
air-0221,True,33.1,52.43,11.51,28.17,1.36,3,Hills,sensor-2-1,40.071448,-73.909255,0,normal
air-0222,True,33.34,55.86,24.29,87.07,2.73,18,River,sensor-0-0,40.000501,-73.99789,0,normal
air-0223,True,56.0,80.22,20.49,65.31,1.7,14,Hills,sensor-2-1,40.07059,-73.91001,0,alert
air-0224,True,28.12,55.0,24.5,71.51,6.06,7,River,sensor-0-0,39.999358,-74.001181,0,normal
air-0225,True,23.49,67.02,29.06,86.64,2.54,14,Harbor,sensor-3-1,40.104587,-73.865652,0,alert
air-0226,True,29.38,41.55,18.55,38.73,4.1,18,Central,sensor-1-0,40.035748,-73.954858,0,normal
air-0227,True,13.06,16.88,8.48,34.11,7.68,6,River,sensor-0-1,39.998554,-73.999372,0,normal
air-0228,True,25.43,25.43,20.55,52.62,2.51,23,Central,sensor-1-0,40.035597,-73.955528,0,normal
air-0229,True,57.96,72.64,16.41,31.19,0.75,21,Hills,sensor-2-1,40.069788,-73.909035,0,alert
air-0230,True,51.68,106.6,21.86,37.28,2.97,10,Hills,sensor-2-0,40.069088,-73.909794,0,alert
air-0231,True,2.42,2.42,19.48,40.29,5.19,23,Central,sensor-1-1,40.036415,-73.95432,0,normal
air-0232,True,24.25,40.96,19.4,28.01,8.85,23,River,sensor-0-0,40.000154,-73.998958,0,normal
air-0233,True,46.16,63.4,25.8,51.76,3.41,18,Hills,sensor-2-1,40.071005,-73.908888,0,alert
air-0234,True,37.4,37.4,23.31,85.03,6.4,7,River,sensor-0-0,39.999224,-73.999885,1,normal
air-0235,True,44.29,82.68,18.22,78.36,2.26,15,Central,sensor-1-1,40.036023,-73.955651,0,alert
air-0236,True,13.62,25.14,16.76,54.61,1.97,21,River,sensor-0-0,40.000393,-74.000588,0,normal
air-0237,True,25.44,25.44,25.61,66.88,7.28,3,Central,sensor-1-1,40.034654,-73.955782,0,normal
air-0238,True,32.93,47.1,22.45,74.54,4.94,18,River,sensor-0-0,39.998569,-74.000907,0,normal
air-0239,True,3.9,31.4,15.56,32.56,0.75,18,River,sensor-0-1,40.001319,-73.999916,0,normal
air-0240,True,68.49,102.17,11.69,69.69,0.44,12,River,sensor-0-0,39.99924,-73.999948,0,alert
air-0241,True,67.08,116.93,23.27,66.25,4.53,2,River,sensor-0-1,40.00191,-74.001448,0,alert
air-0242,True,49.98,95.06,21.75,85.63,7.71,7,Harbor,sensor-3-0,40.104849,-73.867139,0,alert
air-0243,True,14.34,14.34,21.21,75.92,7.37,1,Hills,sensor-2-1,40.070152,-73.910595,0,normal
air-0244,True,54.02,56.78,17.49,76.44,7.6,9,River,sensor-0-0,39.999821,-73.998221,1,normal
air-0245,True,15.04,20.29,35.08,68.17,1.48,17,Central,sensor-1-1,40.034429,-73.95369,0,normal
air-0246,True,34.07,40.93,23.79,42.1,8.43,15,Harbor,sensor-3-0,40.105553,-73.867044,0,normal
air-0247,True,6.54,30.57,12.61,79.33,6.55,1,Hills,sensor-2-1,40.069882,-73.910206,0,normal
air-0248,True,15.69,16.25,22.25,69.36,4.67,11,River,sensor-0-0,39.99948,-73.999242,0,normal
air-0249,True,32.65,42.96,15.03,80.24,6.55,0,Hills,sensor-2-1,40.070083,-73.909577,0,normal
air-0250,True,16.12,37.89,19.09,52.59,2.62,12,Hills,sensor-2-0,40.070252,-73.909115,1,normal
air-0251,True,90.88,147.53,29.8,88.67,3.3,3,Hills,sensor-2-1,40.070165,-73.909633,0,alert
air-0252,True,37.06,37.06,16.18,84.18,8.86,22,Central,sensor-1-0,40.036105,-73.954995,0,normal
air-0253,True,20.83,30.94,19.0,76.33,4.07,15,River,sensor-0-1,39.999563,-73.998438,0,normal
air-0254,True,23.18,23.18,13.53,46.12,4.65,0,River,sensor-0-0,39.999702,-73.999775,0,normal
air-0255,True,37.61,68.49,24.99,39.78,7.67,8,Central,sensor-1-1,40.036115,-73.956109,0,alert
air-0256,True,23.22,23.22,18.78,71.32,2.4,20,River,sensor-0-0,40.000572,-74.001865,0,normal
air-0257,True,42.78,67.65,13.37,53.39,2.38,20,River,sensor-0-1,39.998612,-73.999825,1,alert
air-0258,True,8.25,10.56,26.69,66.6,1.96,19,Central,sensor-1-0,40.034705,-73.955121,0,normal
air-0259,True,20.99,40.28,26.01,52.77,6.64,1,River,sensor-0-1,40.000601,-74.000334,0,normal
air-0260,True,45.54,68.6,17.63,91.77,3.04,0,Central,sensor-1-0,40.03655,-73.955164,0,alert
air-0261,True,0.5,8.39,30.58,57.6,4.54,2,River,sensor-0-1,40.000787,-73.999767,0,normal
air-0262,True,53.49,55.26,19.57,72.4,3.16,16,Central,sensor-1-0,40.035157,-73.954368,1,alert
air-0263,True,24.2,34.37,29.61,43.3,8.47,16,River,sensor-0-1,39.99889,-73.999556,0,normal
air-0264,True,46.55,65.72,14.92,68.36,8.7,20,Hills,sensor-2-0,40.068483,-73.910276,0,alert
air-0265,True,85.92,129.4,14.89,30.67,1.22,17,Hills,sensor-2-1,40.070434,-73.910459,0,alert
air-0266,True,17.74,28.52,9.35,84.09,3.4,1,Central,sensor-1-0,40.036617,-73.956285,0,normal
air-0267,True,55.59,80.6,12.42,45.68,0.36,14,Hills,sensor-2-1,40.071226,-73.909515,0,alert
air-0268,True,35.84,62.54,26.93,40.71,1.49,5,Hills,sensor-2-0,40.070419,-73.909341,0,normal
air-0269,True,9.51,19.92,16.28,82.04,0.41,18,Central,sensor-1-1,40.035398,-73.954789,0,normal
air-0270,True,42.76,67.23,16.91,57.65,6.5,18,Hills,sensor-2-0,40.069763,-73.911183,0,alert
air-0271,True,36.4,58.13,25.61,76.98,8.8,20,River,sensor-0-1,39.998394,-74.000509,0,normal
air-0272,True,68.39,129.56,22.05,63.37,8.5,19,Central,sensor-1-0,40.035415,-73.955269,0,alert
air-0273,True,24.42,51.43,31.51,43.13,8.52,12,Harbor,sensor-3-1,40.103938,-73.86466,0,alert
air-0274,True,11.81,11.81,17.83,38.58,4.31,2,Hills,sensor-2-0,40.070781,-73.910352,0,normal
air-0275,True,3.06,12.97,23.11,45.83,3.36,17,Harbor,sensor-3-1,40.10538,-73.86658,0,normal
air-0276,True,19.23,19.23,19.92,78.36,1.51,12,River,sensor-0-0,40.000386,-74.000231,0,normal
air-0277,True,40.65,40.65,15.69,82.63,8.19,14,River,sensor-0-1,40.001055,-73.999092,0,normal
air-0278,True,26.95,48.04,22.86,39.48,7.54,1,River,sensor-0-0,39.998649,-73.99914,0,normal
air-0279,True,-0.68,40.82,25.68,30.98,4.97,2,River,sensor-0-1,40.000292,-73.99993,1,normal
air-0280,True,28.23,36.92,32.74,78.92,6.61,16,Central,sensor-1-0,40.03345,-73.95635,0,normal
air-0281,True,9.66,22.68,21.7,47.93,7.89,16,Central,sensor-1-1,40.034883,-73.954869,0,normal
air-0282,True,50.97,71.73,27.73,56.62,7.98,21,River,sensor-0-0,40.000481,-74.000294,0,alert
air-0283,True,45.92,45.92,27.6,73.46,8.76,19,Harbor,sensor-3-1,40.1051,-73.865557,1,alert
air-0284,True,9.53,18.17,19.94,65.21,6.99,9,River,sensor-0-0,40.000062,-73.999561,0,normal
air-0285,True,10.96,15.82,10.15,47.0,8.22,4,River,sensor-0-1,40.000007,-74.000879,0,normal
air-0286,True,85.42,85.42,20.43,34.49,1.71,11,Central,sensor-1-0,40.035174,-73.95717,1,alert
air-0287,True,39.13,56.48,17.43,53.3,2.13,15,River,sensor-0-1,40.000423,-73.999174,0,normal
air-0288,True,25.38,35.49,26.21,80.16,1.61,14,Central,sensor-1-0,40.036047,-73.953957,0,normal
air-0289,True,38.36,42.07,25.35,65.78,7.69,10,Central,sensor-1-1,40.035207,-73.953633,1,normal
air-0290,True,51.66,51.66,11.84,81.68,4.05,5,Central,sensor-1-0,40.03558,-73.954346,0,alert
air-0291,True,29.23,40.29,21.64,81.65,6.56,11,River,sensor-0-1,39.999687,-73.999592,0,normal
air-0292,True,49.55,79.26,12.74,55.35,2.75,16,Hills,sensor-2-0,40.068844,-73.910755,0,alert
air-0293,True,40.84,48.05,18.17,77.11,4.5,15,Central,sensor-1-1,40.03422,-73.956578,0,alert
air-0294,True,41.41,60.12,16.06,82.16,0.7,19,Central,sensor-1-0,40.035936,-73.95381,0,alert
air-0295,True,34.48,68.66,13.45,70.71,7.05,2,River,sensor-0-1,40.000936,-73.998901,0,normal
air-0296,True,39.54,72.27,19.53,42.15,5.86,10,Harbor,sensor-3-0,40.10441,-73.867284,0,alert
air-0297,True,18.46,28.15,13.74,82.7,5.38,23,River,sensor-0-1,39.99916,-74.001449,0,normal
air-0298,True,7.39,7.39,13.23,72.94,4.96,2,River,sensor-0-0,39.999803,-73.999759,0,normal
air-0299,True,37.7,56.68,20.06,76.18,7.68,0,Central,sensor-1-1,40.034612,-73.956168,1,alert
air-0300,True,44.13,71.32,20.78,40.99,8.72,15,River,sensor-0-0,39.998274,-74.00132,0,normal
air-0301,True,53.81,89.33,15.18,54.18,1.73,22,Hills,sensor-2-1,40.069743,-73.909217,0,alert
air-0302,True,42.27,45.62,32.07,88.32,3.44,11,Hills,sensor-2-0,40.070149,-73.909546,0,alert
air-0303,True,49.77,71.6,25.42,90.62,6.78,13,River,sensor-0-1,39.999553,-73.999916,0,normal
air-0304,True,36.97,53.73,15.22,79.81,0.62,13,Hills,sensor-2-0,40.071206,-73.910831,0,alert
air-0305,True,33.46,65.21,22.8,43.99,8.63,9,Central,sensor-1-1,40.033782,-73.956474,0,normal
air-0306,True,65.44,93.9,23.21,72.32,7.15,6,Central,sensor-1-0,40.033165,-73.954451,0,alert
air-0307,True,18.68,21.59,17.2,83.77,4.04,15,Central,sensor-1-1,40.035542,-73.955058,0,normal
air-0308,True,72.76,109.02,23.71,77.0,4.29,21,Central,sensor-1-0,40.034424,-73.95255,0,alert
air-0309,True,11.11,13.43,21.76,48.08,4.54,12,Harbor,sensor-3-1,40.103954,-73.863375,0,normal
air-0310,True,33.92,33.92,7.93,39.89,5.1,2,Hills,sensor-2-0,40.068556,-73.909357,0,normal
air-0311,True,10.74,22.05,4.22,76.34,7.3,9,River,sensor-0-1,39.999669,-73.999841,0,normal
air-0312,True,41.12,56.97,21.32,43.66,6.11,23,Hills,sensor-2-0,40.071922,-73.911412,0,normal
air-0313,True,12.97,13.62,16.56,55.53,0.97,19,Central,sensor-1-1,40.036467,-73.954627,0,normal
air-0314,True,24.33,42.55,21.73,30.64,3.46,3,Central,sensor-1-0,40.034815,-73.956295,0,normal
air-0315,True,23.48,30.17,7.35,49.53,7.85,0,Central,sensor-1-1,40.033359,-73.954682,0,normal
air-0316,True,17.4,20.64,16.06,92.94,8.78,9,Central,sensor-1-0,40.03319,-73.954309,0,normal
air-0317,True,43.04,75.44,11.03,33.28,4.68,1,Central,sensor-1-1,40.033075,-73.955818,0,alert
air-0318,True,5.66,15.43,26.76,74.57,2.38,1,Harbor,sensor-3-0,40.105915,-73.863959,0,normal
air-0319,True,25.62,42.09,28.68,34.08,4.08,4,Hills,sensor-2-1,40.070983,-73.90948,0,normal
air-0320,True,17.11,20.71,15.95,67.91,0.48,19,River,sensor-0-0,39.999595,-74.000476,0,normal
air-0321,True,2.28,28.29,23.46,50.43,8.12,11,River,sensor-0-1,40.00001,-73.999587,1,normal
air-0322,True,42.17,64.76,12.37,69.14,0.4,19,River,sensor-0-0,39.99866,-74.002108,0,normal
air-0323,True,25.83,49.41,20.07,67.5,0.74,6,Harbor,sensor-3-1,40.106001,-73.866143,0,normal
air-0324,True,28.57,36.25,22.5,49.24,0.28,1,Central,sensor-1-0,40.035097,-73.954681,0,normal
air-0325,True,26.8,34.78,21.26,54.56,7.06,0,Central,sensor-1-1,40.035564,-73.954929,0,normal
air-0326,True,37.97,68.63,24.27,87.32,0.91,13,Harbor,sensor-3-0,40.105486,-73.864382,0,alert
air-0327,True,10.1,10.1,25.44,37.18,7.31,13,Hills,sensor-2-1,40.071477,-73.909333,0,normal
air-0328,True,8.86,8.86,25.9,86.88,8.11,4,River,sensor-0-0,39.999431,-74.000258,0,normal
air-0329,True,10.66,21.14,27.87,56.97,6.32,16,River,sensor-0-1,39.999753,-73.999666,0,normal
air-0330,True,26.82,52.96,17.71,34.29,0.61,11,Central,sensor-1-0,40.034459,-73.953913,0,normal
air-0331,True,57.67,76.56,24.44,61.98,6.8,14,Central,sensor-1-1,40.034811,-73.955585,0,normal
air-0332,True,33.8,42.12,22.3,61.04,2.92,10,River,sensor-0-0,40.000301,-73.999398,0,normal
air-0333,True,24.74,34.37,25.76,31.34,1.64,3,Central,sensor-1-1,40.034597,-73.9566,0,normal
air-0334,True,33.36,58.84,20.47,38.34,5.73,0,Harbor,sensor-3-0,40.104788,-73.863822,0,alert
air-0335,True,42.24,43.81,22.79,44.12,3.88,17,Central,sensor-1-1,40.034498,-73.954381,1,normal
air-0336,True,47.55,55.3,26.28,63.37,3.85,6,River,sensor-0-0,39.998692,-74.000557,0,normal
air-0337,True,33.55,33.55,24.33,54.47,0.97,12,Central,sensor-1-1,40.033385,-73.954275,0,normal
air-0338,True,14.46,47.49,26.28,61.66,2.04,12,River,sensor-0-0,40.000548,-73.998015,0,normal
air-0339,True,-1.06,41.02,12.76,91.77,5.13,16,Harbor,sensor-3-1,40.102709,-73.86575,1,alert
air-0340,True,27.43,55.57,21.7,76.71,4.38,9,Central,sensor-1-0,40.033073,-73.95366,0,normal
air-0341,True,27.9,42.88,24.73,63.65,8.29,2,Hills,sensor-2-1,40.07006,-73.91135,0,normal
air-0342,True,33.98,62.89,14.83,39.31,6.6,0,Hills,sensor-2-0,40.070339,-73.908212,0,normal
air-0343,True,37.98,43.71,13.84,42.38,4.59,22,Harbor,sensor-3-1,40.104992,-73.864056,0,alert
air-0344,True,20.76,28.07,19.93,61.88,6.97,20,Central,sensor-1-0,40.034466,-73.954958,0,normal
air-0345,True,16.37,49.5,29.71,28.36,8.33,10,Central,sensor-1-1,40.033242,-73.954238,0,normal
air-0346,True,26.32,51.71,19.14,65.64,3.0,20,River,sensor-0-0,39.99867,-73.99932,0,normal
air-0347,True,13.04,13.04,10.63,68.2,3.7,23,Central,sensor-1-1,40.035671,-73.956337,0,normal
air-0348,True,25.58,47.33,11.81,54.7,3.39,4,River,sensor-0-0,39.99885,-74.000001,0,normal
air-0349,True,27.19,50.22,19.24,47.79,8.11,6,River,sensor-0-1,39.999284,-73.999787,0,normal
air-0350,True,8.95,19.06,19.37,61.12,4.61,6,Central,sensor-1-0,40.035203,-73.952881,0,normal
air-0351,True,19.85,66.25,20.07,89.36,2.81,2,Central,sensor-1-1,40.035272,-73.952161,0,normal
air-0352,True,10.47,11.26,9.37,72.83,2.67,5,River,sensor-0-0,39.99857,-73.999938,0,normal
air-0353,True,6.59,14.77,27.58,70.68,6.34,13,Central,sensor-1-1,40.034601,-73.95378,0,normal
air-0354,True,14.01,14.01,19.86,90.18,7.51,4,River,sensor-0-0,40.000017,-74.000752,0,normal
air-0355,True,12.67,28.28,15.84,28.63,1.23,0,River,sensor-0-1,40.000623,-74.00009,0,normal
air-0356,True,28.92,45.65,26.24,75.01,0.74,14,Central,sensor-1-0,40.033818,-73.956599,0,normal
air-0357,True,62.77,97.49,25.93,34.98,7.63,13,Central,sensor-1-1,40.034638,-73.954218,0,alert
air-0358,True,40.45,70.78,15.64,47.29,7.11,5,River,sensor-0-0,40.000758,-73.99866,0,normal
air-0359,True,58.26,75.01,10.73,57.67,7.48,10,Central,sensor-1-1,40.035349,-73.954895,0,alert
air-0360,True,7.04,7.04,16.58,67.09,7.78,8,Hills,sensor-2-0,40.06926,-73.909891,0,normal
air-0361,True,41.65,41.79,27.75,31.59,3.09,15,Central,sensor-1-1,40.033516,-73.95538,0,normal
air-0362,True,6.4,6.4,24.46,58.7,6.31,1,Hills,sensor-2-0,40.067844,-73.910571,0,normal
air-0363,True,11.49,11.49,21.87,53.97,6.67,1,Central,sensor-1-1,40.033923,-73.952454,0,normal
air-0364,True,30.07,39.67,12.5,77.18,4.4,1,Hills,sensor-2-0,40.069782,-73.910394,0,normal
air-0365,True,6.94,6.94,20.33,76.7,5.98,13,Central,sensor-1-1,40.03449,-73.953927,0,normal
air-0366,True,38.12,61.68,9.81,75.62,2.15,17,Central,sensor-1-0,40.035393,-73.955731,0,alert
air-0367,True,44.19,79.84,19.58,60.3,5.38,0,Central,sensor-1-1,40.033975,-73.955186,0,alert
air-0368,True,31.5,31.5,30.87,68.64,0.26,18,Hills,sensor-2-0,40.070535,-73.909552,0,alert
air-0369,True,25.62,25.62,17.35,34.72,1.37,17,Central,sensor-1-1,40.033456,-73.955652,0,normal
air-0370,True,10.95,25.63,15.74,58.79,5.11,21,Hills,sensor-2-0,40.069689,-73.908877,0,normal
air-0371,True,54.72,62.43,23.43,40.48,7.61,5,Hills,sensor-2-1,40.069331,-73.910627,0,alert
air-0372,True,34.6,34.6,13.3,64.25,7.66,11,Central,sensor-1-0,40.033715,-73.95553,0,normal
air-0373,True,4.24,7.8,20.19,51.92,2.09,11,River,sensor-0-1,40.000163,-73.998924,0,normal
air-0374,True,13.05,24.6,10.94,57.3,7.49,22,Harbor,sensor-3-0,40.106256,-73.864262,0,normal
air-0375,True,9.92,16.59,15.05,46.01,5.59,17,Central,sensor-1-1,40.036317,-73.955843,0,normal
air-0376,True,54.84,62.79,17.69,60.53,7.81,21,River,sensor-0-0,39.999419,-74.0009,1,normal
air-0377,True,0.5,0.5,25.36,41.58,0.49,3,Hills,sensor-2-1,40.071521,-73.910938,0,normal
air-0378,True,23.81,33.28,22.36,46.55,2.78,16,River,sensor-0-0,39.998877,-73.999391,0,normal
air-0379,True,25.98,69.23,16.5,89.01,2.75,9,River,sensor-0-1,39.999066,-73.998736,1,alert
air-0380,True,40.01,62.63,21.14,48.92,8.49,11,Hills,sensor-2-0,40.071156,-73.907247,0,alert
air-0381,True,26.9,33.89,14.96,42.68,2.4,4,River,sensor-0-1,39.999079,-74.000539,0,normal
air-0382,True,7.56,23.22,28.11,44.83,8.15,3,River,sensor-0-0,39.999634,-73.999813,0,normal
air-0383,True,15.79,16.61,29.86,76.86,0.3,15,Central,sensor-1-1,40.035046,-73.956082,0,normal
air-0384,True,21.73,23.74,26.52,90.24,0.23,12,River,sensor-0-0,39.999965,-73.998751,0,normal
air-0385,True,54.61,81.39,28.52,56.35,3.33,22,Central,sensor-1-1,40.035988,-73.956461,0,alert
air-0386,True,8.54,14.17,18.95,84.04,0.27,19,River,sensor-0-0,40.000421,-73.99847,0,normal
air-0387,True,24.71,25.79,28.12,64.43,7.16,5,River,sensor-0-1,39.998116,-73.998942,0,normal
air-0388,True,49.27,54.13,13.16,70.37,7.93,17,River,sensor-0-0,40.000631,-74.002742,0,alert
air-0389,True,20.64,23.67,27.15,41.54,2.17,17,Central,sensor-1-1,40.032821,-73.955283,0,normal
air-0390,True,18.86,48.77,33.02,55.32,4.6,17,Harbor,sensor-3-0,40.105502,-73.866697,0,normal
air-0391,True,16.82,16.82,20.61,68.18,1.8,5,Central,sensor-1-1,40.035163,-73.955794,0,normal
air-0392,True,30.45,54.8,23.87,55.8,2.19,15,Harbor,sensor-3-0,40.105513,-73.865134,0,alert
air-0393,True,67.81,98.9,15.96,53.6,8.36,21,Central,sensor-1-1,40.036206,-73.955344,0,alert
air-0394,True,24.18,24.18,24.73,66.06,2.85,3,River,sensor-0-0,39.998591,-74.002332,0,normal
air-0395,True,54.15,72.12,17.84,65.76,2.86,23,Central,sensor-1-1,40.034485,-73.955134,0,alert
air-0396,True,33.91,41.85,19.49,65.46,8.73,10,Central,sensor-1-0,40.03636,-73.955076,0,normal
air-0397,True,13.38,13.38,8.03,56.94,4.45,5,Hills,sensor-2-1,40.070506,-73.908691,1,normal
air-0398,True,12.7,19.63,20.88,42.07,2.76,13,Central,sensor-1-0,40.035777,-73.954624,0,normal
air-0399,True,25.38,43.7,19.66,83.24,4.98,2,Hills,sensor-2-1,40.06877,-73.9113,0,alert
air-0400,True,58.93,83.83,22.57,73.62,7.78,0,River,sensor-0-0,39.999783,-73.998921,0,normal
air-0401,True,13.66,27.53,26.18,52.56,1.26,18,River,sensor-0-1,39.998062,-73.99951,0,normal
air-0402,True,17.12,22.32,13.68,35.2,3.2,6,River,sensor-0-0,40.001415,-74.001249,0,normal
air-0403,True,0.5,18.78,20.16,51.87,4.39,21,River,sensor-0-1,39.997016,-73.99983,0,normal
air-0404,True,62.68,95.17,20.76,46.01,4.06,10,River,sensor-0-0,40.001371,-74.000827,0,alert
air-0405,True,36.84,51.95,15.53,86.81,3.57,23,River,sensor-0-1,39.998572,-73.999095,0,normal
air-0406,True,9.99,21.35,21.39,60.96,5.95,9,Hills,sensor-2-0,40.069155,-73.911381,0,normal
air-0407,True,22.19,43.24,29.54,86.7,4.23,16,Central,sensor-1-1,40.035453,-73.956039,0,normal
air-0408,True,23.88,42.83,11.69,66.23,6.29,19,River,sensor-0-0,39.999467,-73.999618,0,normal
air-0409,True,22.98,45.1,32.56,53.52,8.8,9,River,sensor-0-1,40.001574,-73.999939,0,normal
air-0410,True,21.85,29.45,23.58,67.39,0.28,14,Hills,sensor-2-0,40.070376,-73.909013,0,normal
air-0411,True,24.16,24.16,19.56,36.04,6.83,1,Central,sensor-1-1,40.035436,-73.956623,0,normal
air-0412,True,20.46,42.14,17.22,63.3,6.25,2,Central,sensor-1-0,40.034976,-73.956497,0,normal
air-0413,True,14.24,14.24,26.51,31.54,3.89,13,River,sensor-0-1,40.0016,-73.998696,0,normal
air-0414,True,62.55,82.17,29.72,30.47,5.0,6,River,sensor-0-0,39.999155,-74.00003,0,alert
air-0415,True,-8.32,9.29,13.15,40.09,0.32,12,River,sensor-0-1,40.000574,-74.000068,1,normal
air-0416,True,50.62,86.53,31.25,39.89,7.05,21,River,sensor-0-0,40.000999,-73.999405,0,normal
air-0417,True,14.47,14.47,28.2,57.54,1.64,18,River,sensor-0-1,40.000461,-74.000891,0,normal
air-0418,True,11.94,36.14,18.96,67.72,8.82,23,Harbor,sensor-3-0,40.106006,-73.864757,0,normal
air-0419,True,14.71,35.57,16.07,33.74,4.95,21,River,sensor-0-1,40.000314,-73.999231,0,normal
air-0420,True,11.34,14.96,17.74,86.58,3.02,0,Hills,sensor-2-0,40.070179,-73.911045,0,normal
air-0421,True,22.3,56.86,26.87,91.5,2.7,20,Hills,sensor-2-1,40.069638,-73.909659,0,normal
air-0422,True,9.13,14.78,20.81,35.06,4.68,8,Central,sensor-1-0,40.03668,-73.955897,0,normal
air-0423,True,54.44,84.72,23.77,52.5,6.35,16,Hills,sensor-2-1,40.071123,-73.911849,0,alert
air-0424,True,3.93,3.93,22.49,56.05,7.12,1,Central,sensor-1-0,40.03645,-73.956196,0,normal
air-0425,True,1.78,27.29,19.5,29.36,4.85,20,River,sensor-0-1,40.001383,-73.999663,0,normal
air-0426,True,11.43,31.47,16.09,60.91,7.76,16,Hills,sensor-2-0,40.07164,-73.909807,0,normal
air-0427,True,51.12,93.24,23.17,58.1,5.47,20,River,sensor-0-1,40.001403,-73.999263,0,normal
air-0428,True,3.1,18.63,22.91,62.2,5.22,15,River,sensor-0-0,40.000337,-73.999078,0,normal
air-0429,True,11.24,11.24,29.14,58.42,4.38,3,Central,sensor-1-1,40.034719,-73.955411,0,normal
air-0430,True,18.13,25.11,25.14,68.13,0.58,7,River,sensor-0-0,40.000466,-74.000616,0,normal
air-0431,True,38.83,53.66,16.57,69.68,0.46,5,River,sensor-0-1,40.001571,-73.999524,0,normal
air-0432,True,0.5,0.5,26.92,81.26,8.37,8,Central,sensor-1-0,40.035081,-73.954698,0,normal
air-0433,True,2.99,24.63,20.45,79.98,6.8,23,Central,sensor-1-1,40.03374,-73.954628,0,normal
air-0434,True,10.83,10.83,26.97,82.55,6.27,18,River,sensor-0-0,40.000353,-74.0024,0,normal
air-0435,True,31.1,43.14,21.25,45.52,8.17,13,River,sensor-0-1,39.998299,-74.000594,0,normal
air-0436,True,35.34,36.75,20.5,44.28,2.66,18,Central,sensor-1-0,40.035131,-73.954076,0,normal
air-0437,True,41.89,55.42,12.95,89.93,8.96,7,River,sensor-0-1,39.999544,-73.998163,0,alert
air-0438,True,26.69,44.85,22.75,55.61,2.04,7,River,sensor-0-0,40.001347,-74.001015,0,normal
air-0439,True,11.37,13.15,18.4,37.2,0.8,6,River,sensor-0-1,39.998783,-73.999503,0,normal
air-0440,True,45.66,66.96,25.63,57.1,7.55,12,Central,sensor-1-0,40.035597,-73.954703,0,alert
air-0441,True,48.43,61.03,21.95,74.9,7.6,4,Central,sensor-1-1,40.033659,-73.956078,0,alert
air-0442,True,28.72,52.8,16.22,79.39,2.94,14,Hills,sensor-2-0,40.069735,-73.910016,0,normal
air-0443,True,38.09,55.62,27.96,90.65,4.2,4,Central,sensor-1-1,40.034903,-73.954648,0,normal
air-0444,True,13.42,30.21,7.21,64.49,7.48,5,Hills,sensor-2-0,40.069787,-73.909128,0,normal
air-0445,True,18.7,18.7,21.57,89.1,0.99,23,Central,sensor-1-1,40.035624,-73.954685,0,normal
air-0446,True,94.99,149.28,18.14,48.43,0.5,19,Central,sensor-1-0,40.034989,-73.954706,0,alert
air-0447,True,9.62,9.62,27.16,38.27,8.42,0,Central,sensor-1-1,40.032947,-73.954474,0,normal
air-0448,True,36.45,39.08,24.77,35.36,2.92,2,Central,sensor-1-0,40.033699,-73.952854,0,normal
air-0449,True,62.4,103.48,17.46,77.05,1.54,8,River,sensor-0-1,40.001191,-73.999628,0,alert
air-0450,True,20.68,28.44,24.48,62.27,2.48,7,River,sensor-0-0,39.998655,-73.999862,0,normal
air-0451,True,28.47,51.21,29.85,58.79,1.71,18,River,sensor-0-1,40.000704,-73.999628,0,normal
air-0452,True,78.51,104.02,25.46,52.85,8.39,0,Hills,sensor-2-0,40.068557,-73.909719,1,alert
air-0453,True,6.67,8.07,16.63,81.38,8.1,0,Central,sensor-1-1,40.036223,-73.95524,0,normal
air-0454,True,21.79,54.15,20.28,51.73,0.39,17,Hills,sensor-2-0,40.070337,-73.909257,0,normal
air-0455,True,29.68,29.68,21.56,38.78,8.23,0,River,sensor-0-1,39.999796,-74.000543,0,normal
air-0456,True,27.29,42.19,17.36,39.76,0.76,1,Hills,sensor-2-0,40.069249,-73.911132,0,normal
air-0457,True,10.92,10.92,19.46,59.28,7.96,1,River,sensor-0-1,39.998937,-73.999441,0,normal
air-0458,True,17.63,22.33,22.47,83.15,6.1,12,River,sensor-0-0,39.999222,-74.000735,0,normal
air-0459,True,0.5,20.49,22.6,89.62,2.27,2,River,sensor-0-1,39.998624,-73.999553,0,normal
air-0460,True,17.93,17.93,19.52,54.76,7.95,7,River,sensor-0-0,39.999844,-73.999809,0,normal
air-0461,True,22.66,52.27,11.17,62.47,6.56,3,Central,sensor-1-1,40.035287,-73.95537,0,normal
air-0462,True,18.27,34.55,28.05,83.2,8.36,9,River,sensor-0-0,39.999975,-73.999674,0,normal
air-0463,True,32.33,32.33,15.2,59.63,4.06,9,Central,sensor-1-1,40.034934,-73.955081,0,normal
air-0464,True,15.12,36.15,24.22,40.88,7.12,15,Hills,sensor-2-0,40.069093,-73.910443,0,normal
air-0465,True,48.25,48.25,17.18,46.53,8.16,15,Hills,sensor-2-1,40.070085,-73.910035,0,normal
air-0466,True,23.39,23.39,17.93,31.7,7.92,10,Hills,sensor-2-0,40.069958,-73.910771,0,normal
air-0467,True,22.05,33.16,12.33,40.86,6.27,12,River,sensor-0-1,40.000694,-74.000703,0,normal
air-0468,True,23.79,43.63,31.73,91.61,7.79,16,River,sensor-0-0,39.99839,-73.999633,0,normal
air-0469,True,41.8,60.47,22.56,89.59,1.47,23,Hills,sensor-2-1,40.070817,-73.909728,0,alert
air-0470,True,46.19,75.93,22.94,55.04,4.52,20,Hills,sensor-2-0,40.070166,-73.908825,0,alert
air-0471,True,17.41,36.69,22.97,49.57,1.69,16,Harbor,sensor-3-1,40.106642,-73.865323,0,normal
air-0472,True,11.06,21.4,20.35,28.37,4.73,4,Harbor,sensor-3-0,40.105036,-73.863986,0,normal
air-0473,True,66.15,98.12,16.17,30.02,1.39,10,Central,sensor-1-1,40.035593,-73.955257,0,alert
air-0474,True,59.0,84.87,20.63,36.26,6.51,15,River,sensor-0-0,40.001401,-73.999405,0,alert
air-0475,True,46.0,49.62,8.62,29.81,4.95,4,River,sensor-0-1,40.001629,-74.000005,0,normal
air-0476,True,50.5,76.43,17.81,84.16,0.93,13,Central,sensor-1-0,40.036229,-73.955706,0,alert
air-0477,True,26.24,27.65,17.75,35.95,6.2,21,River,sensor-0-1,40.000162,-74.001272,0,normal
air-0478,True,12.2,12.2,21.59,46.05,5.79,14,Central,sensor-1-0,40.033934,-73.955207,0,normal
air-0479,True,38.46,48.14,28.46,47.63,7.52,13,River,sensor-0-1,40.001093,-74.000582,0,normal
air-0480,True,9.91,13.21,25.0,54.7,8.11,17,River,sensor-0-0,39.998278,-73.999031,0,normal
air-0481,True,41.65,74.08,16.02,56.94,2.78,19,River,sensor-0-1,39.999984,-73.999249,0,alert
air-0482,True,45.51,76.52,25.73,60.51,4.55,18,Central,sensor-1-0,40.035595,-73.954231,1,alert
air-0483,True,28.55,46.44,14.58,39.76,4.91,13,River,sensor-0-1,40.000064,-74.000976,0,normal
air-0484,True,11.55,30.19,20.83,60.93,0.21,20,River,sensor-0-0,39.999429,-74.001232,0,normal
air-0485,True,70.09,121.34,12.76,77.71,2.94,23,Hills,sensor-2-1,40.070164,-73.91067,1,alert
air-0486,True,11.25,28.3,16.17,69.36,4.97,9,River,sensor-0-0,39.998609,-73.999632,1,normal
air-0487,True,22.2,30.92,19.73,83.36,7.58,6,Hills,sensor-2-1,40.070281,-73.910768,0,normal
air-0488,True,8.22,89.06,17.94,82.64,6.66,10,River,sensor-0-0,40.000138,-73.999263,1,normal
air-0489,True,44.66,65.38,17.25,72.98,8.36,10,River,sensor-0-1,39.999487,-73.999398,0,normal
air-0490,True,63.8,104.2,23.61,32.86,5.93,22,River,sensor-0-0,39.998807,-74.000285,0,alert
air-0491,True,36.12,49.26,25.91,71.77,6.1,14,Hills,sensor-2-1,40.068488,-73.911535,0,alert
air-0492,True,71.54,93.03,14.16,44.06,7.61,6,Central,sensor-1-0,40.036203,-73.955307,0,alert
air-0493,True,12.0,31.62,16.13,78.15,7.99,8,River,sensor-0-1,40.000099,-73.999896,0,normal
air-0494,True,26.9,63.01,16.32,62.9,5.93,20,River,sensor-0-0,39.999041,-73.999425,0,normal
air-0495,True,26.06,26.06,23.03,88.5,2.27,22,Central,sensor-1-1,40.034692,-73.955857,0,normal
air-0496,True,48.95,76.54,33.19,29.95,5.42,22,River,sensor-0-0,39.999851,-74.00048,0,alert
air-0497,True,14.03,42.08,21.88,30.38,0.66,22,Hills,sensor-2-1,40.068005,-73.909507,1,normal
air-0498,True,13.99,21.75,19.96,67.71,4.53,10,River,sensor-0-0,39.998686,-73.999692,0,normal
air-0499,True,47.1,81.62,28.08,83.36,5.75,6,Harbor,sensor-3-1,40.105123,-73.863403,0,alert
air-0500,True,48.73,78.97,30.51,50.6,1.39,17,Hills,sensor-2-0,40.068966,-73.910209,0,alert
air-0501,True,29.43,45.99,22.67,84.7,1.51,22,Hills,sensor-2-1,40.069557,-73.909212,0,alert
air-0502,True,-2.19,19.95,20.54,77.5,5.41,17,Central,sensor-1-0,40.035219,-73.955829,1,normal
air-0503,True,21.17,55.05,31.44,59.85,5.97,19,Central,sensor-1-1,40.035294,-73.9544,0,normal
air-0504,True,21.06,30.69,24.91,83.55,8.93,3,River,sensor-0-0,40.000798,-74.000597,0,normal
air-0505,True,5.91,11.83,16.45,80.57,6.47,9,Central,sensor-1-1,40.034818,-73.955765,0,normal
air-0506,True,0.5,17.5,28.39,43.76,7.1,19,Central,sensor-1-0,40.0358,-73.955481,0,normal
air-0507,True,24.36,35.31,19.98,86.73,8.71,11,River,sensor-0-1,39.9988,-74.000214,0,normal
air-0508,True,31.28,41.18,26.48,40.07,5.78,19,Central,sensor-1-0,40.03594,-73.955684,0,normal
air-0509,True,40.18,54.28,18.17,29.18,6.13,16,Hills,sensor-2-1,40.070076,-73.909703,0,normal
air-0510,True,22.38,43.1,4.33,36.27,8.04,18,River,sensor-0-0,40.001148,-74.000462,0,normal
air-0511,True,30.21,45.73,17.24,71.04,8.13,6,River,sensor-0-1,40.000054,-74.001013,0,normal
air-0512,True,46.29,63.46,23.3,75.18,5.48,7,River,sensor-0-0,39.999436,-74.000064,0,alert
air-0513,True,40.19,56.07,13.62,46.12,4.1,7,Hills,sensor-2-1,40.069939,-73.90925,0,alert
air-0514,True,17.51,24.77,16.46,32.94,0.59,8,River,sensor-0-0,39.999879,-73.999668,0,normal
air-0515,True,34.78,34.78,19.56,40.66,8.38,4,River,sensor-0-1,39.999959,-73.99884,1,normal
air-0516,True,23.4,25.25,28.11,49.77,6.37,15,Central,sensor-1-0,40.034574,-73.954636,0,normal
air-0517,True,27.18,32.1,17.87,61.35,5.87,7,River,sensor-0-1,39.997865,-74.00169,0,normal
air-0518,True,3.76,23.5,24.99,88.72,3.14,22,Central,sensor-1-0,40.032106,-73.954562,0,normal
air-0519,True,15.99,22.05,21.32,48.82,1.61,21,Hills,sensor-2-1,40.070227,-73.907996,0,normal
air-0520,True,34.73,41.47,25.24,61.77,6.76,5,River,sensor-0-0,40.000257,-74.000571,0,normal
air-0521,True,27.1,55.92,18.46,54.25,5.12,7,River,sensor-0-1,39.998796,-73.999201,0,normal
air-0522,True,29.08,29.08,25.58,56.43,2.53,3,River,sensor-0-0,39.998738,-74.001016,0,normal
air-0523,True,56.23,83.96,19.16,51.33,2.1,19,Central,sensor-1-1,40.032919,-73.953134,0,alert
air-0524,True,16.54,45.28,28.94,83.19,5.38,10,River,sensor-0-0,39.999755,-73.999657,0,normal
air-0525,True,40.29,47.58,21.45,32.66,6.39,6,River,sensor-0-1,39.999812,-73.999717,0,normal
air-0526,True,40.62,78.86,28.64,51.53,0.57,1,Central,sensor-1-0,40.035118,-73.953662,0,normal
air-0527,True,12.3,18.97,22.78,61.68,0.49,11,Central,sensor-1-1,40.035296,-73.956356,0,normal
air-0528,True,49.9,71.28,10.3,66.14,7.43,12,Hills,sensor-2-0,40.067405,-73.909245,0,normal
air-0529,True,84.68,104.09,4.29,49.49,1.67,13,River,sensor-0-1,40.001322,-74.000773,1,alert
air-0530,True,15.2,15.2,34.37,42.14,3.25,17,River,sensor-0-0,39.998562,-73.997952,0,normal
air-0531,True,25.25,42.18,20.71,86.08,3.81,10,Hills,sensor-2-1,40.070353,-73.910405,0,normal
air-0532,True,35.15,48.28,3.93,63.28,5.13,3,Hills,sensor-2-0,40.070418,-73.911782,0,normal
air-0533,True,27.43,27.43,26.44,35.3,7.31,16,River,sensor-0-1,39.999704,-74.001462,0,normal
air-0534,True,32.44,33.52,24.49,54.8,4.62,3,River,sensor-0-0,39.998881,-74.000878,0,normal
air-0535,True,30.66,56.94,18.26,64.4,1.11,21,Central,sensor-1-1,40.034451,-73.955215,0,normal
air-0536,True,37.5,58.49,18.13,30.34,8.16,2,Central,sensor-1-0,40.034435,-73.955236,0,normal
air-0537,True,64.17,78.76,25.25,42.6,1.49,5,Central,sensor-1-1,40.032895,-73.954318,0,alert
air-0538,True,26.93,30.9,7.26,84.47,3.46,6,River,sensor-0-0,39.9984,-74.001821,0,normal
air-0539,True,19.41,30.29,18.11,57.73,8.88,5,River,sensor-0-1,40.000736,-74.000453,0,normal
air-0540,True,6.47,19.55,24.66,47.97,7.4,5,River,sensor-0-0,39.999645,-74.000918,1,normal
air-0541,True,55.42,87.57,23.6,43.19,0.82,12,River,sensor-0-1,39.99884,-74.0,0,alert
air-0542,True,23.89,47.28,23.58,64.0,4.63,19,Hills,sensor-2-0,40.070646,-73.911036,0,normal
air-0543,True,31.77,60.51,20.64,74.07,3.42,13,River,sensor-0-1,40.000725,-74.001253,0,normal
air-0544,True,0.5,8.75,19.12,65.53,0.4,21,Hills,sensor-2-0,40.069476,-73.910162,0,normal
air-0545,True,10.23,10.23,11.57,88.59,4.51,3,River,sensor-0-1,39.999851,-73.999861,0,normal
air-0546,True,27.8,35.7,18.45,49.75,3.09,15,Central,sensor-1-0,40.033873,-73.954956,0,normal
air-0547,True,34.1,44.12,12.07,69.39,1.73,11,Hills,sensor-2-1,40.071369,-73.910022,0,alert
air-0548,True,17.08,17.08,19.32,37.49,0.26,10,River,sensor-0-0,40.000631,-73.999594,0,normal
air-0549,True,35.74,36.02,26.78,60.09,8.68,5,Hills,sensor-2-1,40.071453,-73.91071,0,alert
air-0550,True,23.93,46.45,25.86,64.55,7.0,20,Central,sensor-1-0,40.034152,-73.954265,0,normal
air-0551,True,64.98,64.98,22.01,61.05,7.48,3,Central,sensor-1-1,40.036114,-73.956423,0,alert
air-0552,True,57.64,90.63,23.91,73.35,4.72,17,Central,sensor-1-0,40.035372,-73.956197,0,alert
air-0553,True,31.83,39.88,10.0,55.04,3.58,18,River,sensor-0-1,40.001525,-74.000386,0,normal
air-0554,True,40.1,47.26,25.02,73.35,4.88,8,Hills,sensor-2-0,40.069743,-73.90893,0,alert
air-0555,True,21.67,32.65,11.2,63.36,8.5,17,Hills,sensor-2-1,40.070912,-73.909865,0,normal
air-0556,True,19.54,31.96,13.32,44.45,7.75,10,River,sensor-0-0,40.001476,-73.999709,0,normal
air-0557,True,25.29,54.67,17.8,29.97,8.35,13,Central,sensor-1-1,40.036151,-73.954171,0,normal
air-0558,True,15.77,66.77,24.53,82.84,1.98,8,River,sensor-0-0,40.001276,-73.999612,1,alert
air-0559,True,45.1,45.9,26.17,57.81,6.12,6,Hills,sensor-2-1,40.070031,-73.910227,0,alert
air-0560,True,26.37,50.57,15.7,61.66,4.58,16,River,sensor-0-0,40.000437,-73.999076,1,normal
air-0561,True,6.3,13.03,25.52,51.12,8.03,7,River,sensor-0-1,40.000221,-74.000904,0,normal
air-0562,True,47.55,91.33,19.36,79.53,4.78,9,Hills,sensor-2-0,40.068729,-73.909119,0,alert
air-0563,True,43.52,67.05,20.53,45.03,1.73,4,River,sensor-0-1,39.999877,-74.001283,0,normal
air-0564,True,50.29,91.01,18.57,67.0,5.9,11,River,sensor-0-0,40.000765,-73.998446,0,alert
air-0565,True,23.94,38.17,28.43,88.33,5.74,11,River,sensor-0-1,40.000662,-74.000476,0,normal
air-0566,True,33.88,35.47,19.93,86.65,4.1,8,River,sensor-0-0,40.000554,-73.999135,0,normal
air-0567,True,14.26,14.26,20.95,62.43,8.43,11,River,sensor-0-1,40.000574,-74.000754,0,normal
air-0568,True,0.5,6.68,16.43,44.7,1.28,22,Hills,sensor-2-0,40.069245,-73.910255,0,normal
air-0569,True,38.26,72.39,15.72,36.81,6.32,14,River,sensor-0-1,39.999145,-73.998942,0,normal
air-0570,True,10.23,27.15,27.16,56.26,6.39,6,River,sensor-0-0,39.999703,-73.999906,0,normal
air-0571,True,15.76,33.46,22.3,70.07,7.67,15,Central,sensor-1-1,40.035834,-73.95382,0,normal
air-0572,True,17.32,17.32,17.47,32.85,7.86,5,River,sensor-0-0,39.998502,-73.999968,0,normal
air-0573,True,28.02,81.49,14.31,85.39,4.07,11,Central,sensor-1-1,40.034012,-73.954197,1,alert
air-0574,True,27.37,51.3,29.61,72.53,1.35,0,Central,sensor-1-0,40.034465,-73.953193,0,normal
air-0575,True,91.91,122.08,37.73,48.24,4.67,23,Central,sensor-1-1,40.036196,-73.954039,1,alert
air-0576,True,13.78,13.78,26.31,69.8,0.67,5,River,sensor-0-0,40.000209,-73.999306,0,normal
air-0577,True,25.51,37.35,24.43,44.17,1.27,18,Harbor,sensor-3-1,40.104755,-73.863643,0,alert
air-0578,True,28.11,43.49,24.55,77.15,6.37,4,Harbor,sensor-3-0,40.104069,-73.864915,0,normal
air-0579,True,74.78,140.39,28.26,30.21,3.46,15,Central,sensor-1-1,40.034747,-73.954044,0,alert
air-0580,True,15.88,34.84,21.66,77.92,1.55,15,River,sensor-0-0,40.000093,-74.001449,0,normal
air-0581,True,22.77,42.9,26.28,87.46,0.59,12,Central,sensor-1-1,40.036582,-73.955166,0,normal
air-0582,True,7.41,30.12,25.52,72.24,8.9,23,River,sensor-0-0,40.000117,-74.000604,0,normal
air-0583,True,13.15,28.51,21.14,76.78,2.01,18,River,sensor-0-1,40.000147,-74.001203,0,normal
air-0584,True,48.87,67.43,17.44,42.48,8.51,18,River,sensor-0-0,40.001548,-74.000445,0,normal
air-0585,True,34.88,56.99,31.88,55.43,3.38,4,River,sensor-0-1,39.999504,-73.999795,0,normal
air-0586,True,19.77,29.79,16.68,90.44,0.87,18,Hills,sensor-2-0,40.069842,-73.910103,0,normal
air-0587,True,41.81,65.72,21.99,62.35,0.44,23,River,sensor-0-1,40.000416,-73.999053,0,normal
air-0588,True,37.57,55.86,21.87,42.01,5.78,2,River,sensor-0-0,39.999192,-74.000483,0,normal
air-0589,True,19.95,19.95,18.8,66.08,1.26,14,Hills,sensor-2-1,40.071843,-73.911051,0,normal
air-0590,True,24.84,33.75,13.19,50.0,2.25,12,Hills,sensor-2-0,40.070198,-73.90881,0,normal
air-0591,True,19.69,42.91,16.26,30.83,4.83,4,Hills,sensor-2-1,40.07088,-73.908249,0,alert
air-0592,True,39.56,42.65,22.67,32.6,6.5,23,River,sensor-0-0,40.001093,-74.000824,0,normal
air-0593,True,43.18,57.89,14.54,83.3,7.86,22,River,sensor-0-1,40.000496,-74.001549,1,normal
air-0594,True,33.18,48.51,12.75,64.66,8.14,3,Central,sensor-1-0,40.033323,-73.954754,0,normal
air-0595,True,44.49,78.2,20.82,57.27,0.93,3,Central,sensor-1-1,40.035105,-73.954474,0,alert
air-0596,True,11.6,35.92,22.2,64.43,7.48,1,River,sensor-0-0,40.000521,-74.000289,1,normal
air-0597,True,37.91,53.05,25.84,44.69,1.82,21,Central,sensor-1-1,40.036952,-73.954132,0,alert
air-0598,True,14.06,14.06,14.65,51.43,1.56,8,Harbor,sensor-3-0,40.103562,-73.864926,0,alert
air-0599,True,3.45,17.26,15.78,49.0,1.13,6,River,sensor-0-1,39.997899,-74.000153,0,normal
air-0600,True,36.86,36.86,25.18,56.29,5.63,7,Hills,sensor-2-0,40.070998,-73.909939,0,normal
air-0601,True,3.77,3.77,21.84,78.31,7.62,23,Central,sensor-1-1,40.035217,-73.955864,0,normal
air-0602,True,36.75,50.64,22.32,48.53,6.69,18,Harbor,sensor-3-0,40.104298,-73.864712,0,alert
air-0603,True,3.09,23.81,22.34,50.66,4.2,18,Hills,sensor-2-1,40.068582,-73.910818,0,normal
air-0604,True,37.89,62.22,12.97,39.16,0.73,16,River,sensor-0-0,40.001164,-73.999551,0,normal
air-0605,True,39.6,57.54,28.15,78.99,6.7,3,Central,sensor-1-1,40.035988,-73.955828,0,alert
air-0606,True,19.42,19.42,32.14,74.36,6.26,13,Central,sensor-1-0,40.033014,-73.956288,0,normal
air-0607,True,45.6,75.19,16.82,78.95,4.5,4,Hills,sensor-2-1,40.069792,-73.910833,0,alert
air-0608,True,13.03,49.62,17.77,60.22,0.42,21,Central,sensor-1-0,40.03551,-73.956056,1,normal
air-0609,True,11.96,12.29,22.87,56.19,2.83,6,River,sensor-0-1,39.999672,-74.002334,0,normal
air-0610,True,14.65,22.7,4.93,47.24,3.15,21,Harbor,sensor-3-0,40.106061,-73.864774,0,normal
air-0611,True,26.19,62.4,19.19,37.59,3.09,1,River,sensor-0-1,40.000028,-74.000332,0,normal
air-0612,True,33.18,55.69,25.39,71.1,3.05,6,River,sensor-0-0,40.000409,-73.998797,0,normal
air-0613,True,31.72,61.38,22.54,87.12,7.44,20,River,sensor-0-1,39.997639,-73.998819,0,normal
air-0614,True,14.43,21.22,13.73,56.03,7.53,17,River,sensor-0-0,39.998733,-73.999726,0,normal
air-0615,True,40.97,74.55,33.12,51.68,4.48,11,River,sensor-0-1,39.999786,-73.999424,0,normal
air-0616,True,87.63,109.42,30.47,34.09,4.46,2,River,sensor-0-0,40.001251,-73.999816,0,alert
air-0617,True,29.16,40.85,28.89,57.28,2.9,22,Central,sensor-1-1,40.036235,-73.955713,0,normal
air-0618,True,52.31,81.28,25.54,79.51,4.83,16,Hills,sensor-2-0,40.070226,-73.909996,0,alert
air-0619,True,8.8,18.47,24.69,76.79,1.95,4,Hills,sensor-2-1,40.069584,-73.910344,0,normal
air-0620,True,29.25,40.55,5.04,76.08,8.81,22,River,sensor-0-0,40.000977,-73.999426,1,normal
air-0621,True,30.04,41.69,28.11,88.69,2.71,0,River,sensor-0-1,40.000051,-74.000074,0,normal
air-0622,True,40.1,55.76,23.7,64.12,3.73,17,River,sensor-0-0,39.999207,-74.000142,0,alert
air-0623,True,49.78,81.3,22.58,54.8,7.69,6,Central,sensor-1-1,40.034794,-73.955317,0,alert
air-0624,True,29.93,51.01,26.0,39.35,7.24,10,Hills,sensor-2-0,40.06964,-73.909841,1,normal
air-0625,True,3.4,22.53,12.96,51.96,1.87,18,Central,sensor-1-1,40.033103,-73.955419,0,normal
air-0626,True,14.34,40.17,32.17,88.54,6.26,2,Hills,sensor-2-0,40.069135,-73.911068,0,normal
air-0627,True,19.61,47.57,15.29,81.67,3.21,12,River,sensor-0-1,40.001073,-73.999116,0,normal
air-0628,True,46.63,48.52,31.6,57.27,3.08,8,Central,sensor-1-0,40.034608,-73.954836,0,normal
air-0629,True,12.87,12.87,15.93,68.56,5.19,16,River,sensor-0-1,40.000767,-73.998686,0,normal
air-0630,True,10.93,21.44,24.9,72.18,6.29,1,River,sensor-0-0,40.000779,-74.000062,0,normal
air-0631,True,29.87,50.1,24.06,86.68,0.91,9,River,sensor-0-1,39.999058,-73.999846,0,normal
air-0632,True,67.47,104.88,27.23,46.45,5.05,6,Central,sensor-1-0,40.035534,-73.955496,0,alert
air-0633,True,33.49,41.83,31.44,65.39,7.92,21,River,sensor-0-1,39.999244,-73.998501,0,normal
air-0634,True,22.43,52.25,20.22,36.31,3.41,4,Central,sensor-1-0,40.033738,-73.956018,0,normal
air-0635,True,5.95,11.34,23.75,89.01,5.7,6,River,sensor-0-1,39.998111,-73.998627,0,normal
air-0636,True,30.07,40.83,16.89,60.28,6.77,4,River,sensor-0-0,40.00049,-74.002398,0,normal
air-0637,True,23.96,30.12,15.41,48.07,7.57,6,River,sensor-0-1,39.999054,-73.999425,0,normal
air-0638,True,27.97,51.93,14.55,51.83,4.9,18,River,sensor-0-0,39.999339,-74.000836,0,normal
air-0639,True,27.58,46.94,25.69,77.42,8.84,10,Hills,sensor-2-1,40.068822,-73.913231,0,normal
air-0640,True,86.29,122.68,25.08,89.05,3.12,9,River,sensor-0-0,40.001089,-74.000962,0,alert
air-0641,True,30.3,53.49,13.02,92.25,4.62,8,River,sensor-0-1,39.999848,-73.999126,0,normal
air-0642,True,19.87,19.87,20.87,35.63,3.05,16,Hills,sensor-2-0,40.070687,-73.909249,0,normal
air-0643,True,40.13,64.7,17.9,63.15,5.38,9,Central,sensor-1-1,40.034466,-73.95523,0,normal
air-0644,True,21.39,21.39,24.26,35.96,6.89,11,Central,sensor-1-0,40.034707,-73.955423,0,normal
air-0645,True,20.03,33.95,19.7,34.04,0.27,16,Hills,sensor-2-1,40.069175,-73.909937,0,normal
air-0646,True,32.58,45.98,20.61,66.79,8.97,3,Central,sensor-1-0,40.035439,-73.954167,0,normal
air-0647,True,61.67,97.19,27.31,88.78,7.37,10,Central,sensor-1-1,40.033748,-73.955715,0,alert
air-0648,True,4.64,4.64,27.04,55.06,5.94,21,Central,sensor-1-0,40.03508,-73.954981,0,normal
air-0649,True,20.39,26.36,12.29,87.27,1.41,15,River,sensor-0-1,40.000743,-73.999696,0,normal
air-0650,True,39.88,60.93,26.11,41.83,3.66,7,River,sensor-0-0,40.000464,-74.000396,0,normal
air-0651,True,60.87,84.59,14.2,81.3,2.65,6,Hills,sensor-2-1,40.0688,-73.909482,0,alert
air-0652,True,-11.9,13.07,28.06,88.45,3.47,21,Hills,sensor-2-0,40.070101,-73.909175,1,normal
air-0653,True,31.39,62.83,22.4,72.63,2.89,11,River,sensor-0-1,39.999001,-73.999022,0,normal
air-0654,True,15.63,15.63,19.42,78.5,0.46,11,River,sensor-0-0,40.00187,-73.998733,0,normal
air-0655,True,3.09,29.86,27.07,56.15,1.12,1,Central,sensor-1-1,40.034619,-73.953932,0,normal
air-0656,True,40.89,54.86,23.21,64.11,0.53,1,Central,sensor-1-0,40.034771,-73.955881,0,alert
air-0657,True,31.48,46.51,20.94,75.78,5.0,22,Hills,sensor-2-1,40.069907,-73.910382,0,normal
air-0658,True,24.19,24.19,21.96,70.85,1.76,2,River,sensor-0-0,40.00084,-73.99907,0,normal
air-0659,True,38.15,48.49,23.82,36.17,7.52,5,Hills,sensor-2-1,40.070431,-73.910607,0,alert
air-0660,True,40.73,40.73,21.99,39.75,7.39,17,Harbor,sensor-3-0,40.106279,-73.864844,1,alert
air-0661,True,30.67,57.61,24.6,31.59,0.49,9,Harbor,sensor-3-1,40.10514,-73.864921,0,alert
air-0662,True,30.53,72.11,20.95,38.84,7.06,18,River,sensor-0-0,40.000124,-74.000545,1,normal
air-0663,True,21.49,24.15,11.58,77.1,2.53,10,Central,sensor-1-1,40.03424,-73.953781,0,normal
air-0664,True,34.08,54.92,15.85,34.15,2.23,8,River,sensor-0-0,39.999193,-74.000386,0,normal
air-0665,True,14.33,46.9,19.29,90.61,3.56,17,Central,sensor-1-1,40.033759,-73.954423,1,normal
air-0666,True,14.92,30.24,17.88,73.53,0.29,4,River,sensor-0-0,39.999541,-74.000074,0,normal
air-0667,True,105.35,175.47,11.44,53.15,0.2,12,Hills,sensor-2-1,40.069365,-73.911083,1,alert
air-0668,True,18.3,44.89,17.42,71.73,7.58,7,River,sensor-0-0,39.999984,-74.000549,0,normal
air-0669,True,20.61,32.31,16.53,81.13,2.15,15,River,sensor-0-1,40.000279,-74.000868,0,normal
air-0670,True,41.32,62.87,27.49,34.23,2.95,10,River,sensor-0-0,40.000409,-73.999617,0,normal
air-0671,True,38.77,42.29,26.02,86.59,1.62,7,River,sensor-0-1,40.000227,-73.999128,0,normal
air-0672,True,33.39,47.83,21.97,87.11,7.02,7,River,sensor-0-0,39.999469,-73.998335,0,normal
air-0673,True,30.43,43.2,17.56,90.2,1.64,7,River,sensor-0-1,40.001349,-73.999815,0,normal
air-0674,True,26.6,26.6,15.61,48.95,2.49,6,Hills,sensor-2-0,40.070907,-73.911499,0,normal
air-0675,True,33.54,42.36,30.44,71.2,4.14,7,River,sensor-0-1,40.000544,-74.000127,0,normal
air-0676,True,47.29,83.02,25.32,37.2,3.71,23,Central,sensor-1-0,40.034369,-73.953889,0,normal
air-0677,True,25.14,34.32,25.28,56.06,6.29,22,River,sensor-0-1,40.000888,-74.000093,0,normal
air-0678,True,15.24,26.76,25.31,54.98,8.23,10,River,sensor-0-0,40.001602,-73.999665,0,normal
air-0679,True,7.42,19.05,20.51,62.15,4.66,21,Central,sensor-1-1,40.035126,-73.954643,0,normal
air-0680,True,28.81,49.97,15.85,51.19,1.49,23,River,sensor-0-0,39.999478,-74.002571,0,normal
air-0681,True,39.9,59.64,17.36,42.95,7.78,1,Harbor,sensor-3-1,40.104592,-73.864304,0,alert
air-0682,True,114.34,168.98,26.38,77.36,4.87,2,River,sensor-0-0,40.00081,-73.999146,0,alert
air-0683,True,13.08,24.86,19.74,51.21,3.46,2,Hills,sensor-2-1,40.069036,-73.911169,0,normal
air-0684,True,16.32,18.03,33.69,68.88,8.93,10,Harbor,sensor-3-0,40.1038,-73.864726,0,normal
air-0685,True,13.76,21.1,24.72,74.3,4.02,1,River,sensor-0-1,40.00053,-73.997458,0,normal
air-0686,True,72.98,106.64,19.89,73.2,1.25,22,River,sensor-0-0,39.999264,-73.999831,0,alert
air-0687,True,59.59,62.33,22.67,88.83,6.22,6,Central,sensor-1-1,40.035222,-73.955724,0,alert
air-0688,True,12.39,16.56,16.42,53.28,1.25,20,Central,sensor-1-0,40.033131,-73.952986,0,normal
air-0689,True,12.53,12.53,25.22,70.35,5.77,11,Harbor,sensor-3-1,40.104866,-73.86508,0,normal
air-0690,True,25.86,39.21,27.84,67.07,8.28,4,River,sensor-0-0,39.998753,-74.000105,1,normal
air-0691,True,39.3,39.3,20.45,90.26,3.52,5,Hills,sensor-2-1,40.070768,-73.910309,1,normal
air-0692,True,21.29,35.16,27.47,64.57,7.3,6,Harbor,sensor-3-0,40.104826,-73.86455,0,alert
air-0693,True,4.7,25.93,21.97,32.14,8.5,17,River,sensor-0-1,40.00032,-73.999326,0,normal
air-0694,True,26.82,46.3,22.72,70.5,3.57,20,River,sensor-0-0,40.001951,-74.00106,0,normal
air-0695,True,76.97,121.11,13.81,42.24,1.09,9,River,sensor-0-1,40.002169,-73.999564,0,alert
air-0696,True,21.22,31.58,20.64,30.76,5.23,23,Harbor,sensor-3-0,40.10561,-73.864107,0,normal
air-0697,True,20.18,33.89,34.21,52.52,7.77,15,River,sensor-0-1,40.00105,-74.000688,0,normal
air-0698,True,41.98,73.76,22.95,89.17,7.47,4,River,sensor-0-0,39.999649,-73.999268,0,normal
air-0699,True,12.9,34.59,20.76,49.3,1.69,0,Central,sensor-1-1,40.03268,-73.954948,0,normal
air-0700,True,27.27,27.27,22.92,61.67,2.98,13,Central,sensor-1-0,40.034441,-73.954044,1,normal
air-0701,True,20.35,42.15,30.0,73.28,4.88,0,Central,sensor-1-1,40.035293,-73.955895,0,normal
air-0702,True,27.31,43.87,8.4,91.41,8.51,22,Harbor,sensor-3-0,40.106069,-73.864388,0,normal
air-0703,True,42.14,74.79,16.07,90.17,2.24,15,River,sensor-0-1,39.998548,-74.000642,0,normal
air-0704,True,23.56,32.33,24.13,68.27,8.76,2,River,sensor-0-0,40.000203,-74.001161,0,normal
air-0705,True,24.02,46.44,17.04,37.55,8.69,10,River,sensor-0-1,39.998276,-74.001704,0,normal
air-0706,True,11.96,11.96,24.89,45.56,4.46,2,River,sensor-0-0,39.999802,-74.000164,0,normal
air-0707,True,26.48,46.31,20.04,43.97,6.49,5,River,sensor-0-1,40.000619,-73.999662,0,normal
air-0708,True,46.84,46.84,26.92,87.48,4.96,19,River,sensor-0-0,40.00122,-74.001066,1,normal
air-0709,True,66.19,90.24,28.31,28.54,5.02,14,Central,sensor-1-1,40.035166,-73.953681,0,alert
air-0710,True,17.6,30.6,16.69,63.32,4.26,13,River,sensor-0-0,39.999661,-74.002228,0,normal
air-0711,True,1.82,9.95,14.92,80.5,5.53,3,Central,sensor-1-1,40.035086,-73.954562,1,normal
air-0712,True,15.25,25.56,19.69,58.41,5.52,20,Central,sensor-1-0,40.034865,-73.954598,0,normal
air-0713,True,28.74,43.57,29.85,75.14,7.6,0,River,sensor-0-1,40.000129,-74.001091,0,normal
air-0714,True,6.44,12.49,26.67,69.32,5.84,23,Hills,sensor-2-0,40.071825,-73.91029,0,normal
air-0715,True,20.74,32.54,27.79,89.5,6.14,17,Central,sensor-1-1,40.035551,-73.954364,0,normal
air-0716,True,23.73,35.32,18.89,67.74,2.07,18,River,sensor-0-0,40.001582,-74.000284,0,normal
air-0717,True,41.58,64.5,7.44,84.39,7.15,2,Hills,sensor-2-1,40.070115,-73.909305,0,alert
air-0718,True,41.12,62.33,21.8,75.04,6.3,13,Hills,sensor-2-0,40.06997,-73.910899,0,alert
air-0719,True,40.71,48.64,31.31,37.56,1.43,14,River,sensor-0-1,39.999826,-73.999725,0,normal
